source,row_type,scenario,phase,category,bucket_tokens,decode_batch,latency_ms,kernel_source,provenance,coverage_note,target_missing_ms,reconstructed_missing_ms,reconstruction_error_pct,reconstruction_gate,mechanism_verdict,phase437_target,gpu_allowed,ssh_allowed,runtime_modified,perf_database,valid_for_default,diagnostic_only,default_readiness
phase436_serving_state_grid,serving_curve,K2.5-tp4ep8dp2-8k2k,mixed_prefill,collective_other,8000,1,1.158904,phase436_serving_state_grid,phase429_reprofile_w0_prefill_step_bucket,8k serving prefill step bucket; no decode_batch extrapolation,,,,,serving_state_grid_rebuilt_from_step_trace_no_extrapolation,serving_state_grid_gpu_collection_design,false,false,true,true,false,false,No-Go
phase436_serving_state_grid,serving_curve,K2.5-tp4ep8dp2-8k2k,mixed_prefill,ep_a2a,8000,1,289.663536,phase436_serving_state_grid,phase429_reprofile_w0_prefill_step_bucket,8k serving prefill step bucket; no decode_batch extrapolation,,,,,serving_state_grid_rebuilt_from_step_trace_no_extrapolation,serving_state_grid_gpu_collection_design,false,false,true,true,false,false,No-Go
phase436_serving_state_grid,serving_curve,K2.5-tp4ep8dp2-8k2k,mixed_prefill,ep_a2a,8000,2,549.247992,phase436_serving_state_grid,phase429_reprofile_w0_prefill_step_bucket,8k serving prefill step bucket; no decode_batch extrapolation,,,,,serving_state_grid_rebuilt_from_step_trace_no_extrapolation,serving_state_grid_gpu_collection_design,false,false,true,true,false,false,No-Go
phase436_serving_state_grid,serving_curve,K2.5-tp4ep8dp2-8k2k,mixed_prefill,ep_a2a,8000,3,549.106017,phase436_serving_state_grid,phase429_reprofile_w0_prefill_step_bucket,8k serving prefill step bucket; no decode_batch extrapolation,,,,,serving_state_grid_rebuilt_from_step_trace_no_extrapolation,serving_state_grid_gpu_collection_design,false,false,true,true,false,false,No-Go
phase436_serving_state_grid,serving_curve,K2.5-tp4ep8dp2-8k2k,mixed_prefill,ep_a2a,8000,4,549.089798,phase436_serving_state_grid,phase429_reprofile_w0_prefill_step_bucket,8k serving prefill step bucket; no decode_batch extrapolation,,,,,serving_state_grid_rebuilt_from_step_trace_no_extrapolation,serving_state_grid_gpu_collection_design,false,false,true,true,false,false,No-Go
phase436_serving_state_grid,serving_curve,K2.5-tp4ep8dp2-8k2k,mixed_prefill,ep_a2a,8000,5,549.416735,phase436_serving_state_grid,phase429_reprofile_w0_prefill_step_bucket,8k serving prefill step bucket; no decode_batch extrapolation,,,,,serving_state_grid_rebuilt_from_step_trace_no_extrapolation,serving_state_grid_gpu_collection_design,false,false,true,true,false,false,No-Go
phase436_serving_state_grid,serving_curve,K2.5-tp4ep8dp2-8k2k,mixed_prefill,ep_a2a,8000,6,548.789821,phase436_serving_state_grid,phase429_reprofile_w0_prefill_step_bucket,8k serving prefill step bucket; no decode_batch extrapolation,,,,,serving_state_grid_rebuilt_from_step_trace_no_extrapolation,serving_state_grid_gpu_collection_design,false,false,true,true,false,false,No-Go
phase436_serving_state_grid,serving_curve,K2.5-tp4ep8dp2-8k2k,mixed_prefill,ep_a2a,8000,7,670.764750,phase436_serving_state_grid,phase429_reprofile_w0_prefill_step_bucket,8k serving prefill step bucket; no decode_batch extrapolation,,,,,serving_state_grid_rebuilt_from_step_trace_no_extrapolation,serving_state_grid_gpu_collection_design,false,false,true,true,false,false,No-Go
phase436_serving_state_grid,serving_curve,K2.5-tp4ep8dp2-8k2k,mixed_prefill,ep_a2a,8000,8,551.611723,phase436_serving_state_grid,phase429_reprofile_w0_prefill_step_bucket,8k serving prefill step bucket; no decode_batch extrapolation,,,,,serving_state_grid_rebuilt_from_step_trace_no_extrapolation,serving_state_grid_gpu_collection_design,false,false,true,true,false,false,No-Go
phase436_serving_state_grid,serving_curve,K2.5-tp4ep8dp2-8k2k,mixed_prefill,ep_a2a,8000,9,424.905264,phase436_serving_state_grid,phase429_reprofile_w0_prefill_step_bucket,8k serving prefill step bucket; no decode_batch extrapolation,,,,,serving_state_grid_rebuilt_from_step_trace_no_extrapolation,serving_state_grid_gpu_collection_design,false,false,true,true,false,false,No-Go
phase436_serving_state_grid,serving_curve,K2.5-tp4ep8dp2-8k2k,mixed_prefill,ep_a2a,8000,10,549.599098,phase436_serving_state_grid,phase429_reprofile_w0_prefill_step_bucket,8k serving prefill step bucket; no decode_batch extrapolation,,,,,serving_state_grid_rebuilt_from_step_trace_no_extrapolation,serving_state_grid_gpu_collection_design,false,false,true,true,false,false,No-Go
phase436_serving_state_grid,serving_curve,K2.5-tp4ep8dp2-8k2k,mixed_prefill,ep_a2a,8000,11,550.068332,phase436_serving_state_grid,phase429_reprofile_w0_prefill_step_bucket,8k serving prefill step bucket; no decode_batch extrapolation,,,,,serving_state_grid_rebuilt_from_step_trace_no_extrapolation,serving_state_grid_gpu_collection_design,false,false,true,true,false,false,No-Go
phase436_serving_state_grid,serving_curve,K2.5-tp4ep8dp2-8k2k,mixed_prefill,ep_a2a,8000,12,549.631408,phase436_serving_state_grid,phase429_reprofile_w0_prefill_step_bucket,8k serving prefill step bucket; no decode_batch extrapolation,,,,,serving_state_grid_rebuilt_from_step_trace_no_extrapolation,serving_state_grid_gpu_collection_design,false,false,true,true,false,false,No-Go
phase436_serving_state_grid,serving_curve,K2.5-tp4ep8dp2-8k2k,mixed_prefill,ep_a2a,8000,13,549.544073,phase436_serving_state_grid,phase429_reprofile_w0_prefill_step_bucket,8k serving prefill step bucket; no decode_batch extrapolation,,,,,serving_state_grid_rebuilt_from_step_trace_no_extrapolation,serving_state_grid_gpu_collection_design,false,false,true,true,false,false,No-Go
phase436_serving_state_grid,serving_curve,K2.5-tp4ep8dp2-8k2k,mixed_prefill,ep_a2a,8000,14,550.167173,phase436_serving_state_grid,phase429_reprofile_w0_prefill_step_bucket,8k serving prefill step bucket; no decode_batch extrapolation,,,,,serving_state_grid_rebuilt_from_step_trace_no_extrapolation,serving_state_grid_gpu_collection_design,false,false,true,true,false,false,No-Go
phase436_serving_state_grid,serving_curve,K2.5-tp4ep8dp2-8k2k,mixed_prefill,ep_a2a,8000,15,672.967406,phase436_serving_state_grid,phase429_reprofile_w0_prefill_step_bucket,8k serving prefill step bucket; no decode_batch extrapolation,,,,,serving_state_grid_rebuilt_from_step_trace_no_extrapolation,serving_state_grid_gpu_collection_design,false,false,true,true,false,false,No-Go
phase436_serving_state_grid,serving_curve,K2.5-tp4ep8dp2-8k2k,mixed_prefill,ep_a2a,8000,16,552.983502,phase436_serving_state_grid,phase429_reprofile_w0_prefill_step_bucket,8k serving prefill step bucket; no decode_batch extrapolation,,,,,serving_state_grid_rebuilt_from_step_trace_no_extrapolation,serving_state_grid_gpu_collection_design,false,false,true,true,false,false,No-Go
phase436_serving_state_grid,serving_curve,K2.5-tp4ep8dp2-8k2k,mixed_prefill,ep_a2a,8000,17,426.092916,phase436_serving_state_grid,phase429_reprofile_w0_prefill_step_bucket,8k serving prefill step bucket; no decode_batch extrapolation,,,,,serving_state_grid_rebuilt_from_step_trace_no_extrapolation,serving_state_grid_gpu_collection_design,false,false,true,true,false,false,No-Go
phase436_serving_state_grid,serving_curve,K2.5-tp4ep8dp2-8k2k,mixed_prefill,ep_a2a,8000,18,550.022899,phase436_serving_state_grid,phase429_reprofile_w0_prefill_step_bucket,8k serving prefill step bucket; no decode_batch extrapolation,,,,,serving_state_grid_rebuilt_from_step_trace_no_extrapolation,serving_state_grid_gpu_collection_design,false,false,true,true,false,false,No-Go
phase436_serving_state_grid,serving_curve,K2.5-tp4ep8dp2-8k2k,mixed_prefill,ep_a2a,8000,19,550.574862,phase436_serving_state_grid,phase429_reprofile_w0_prefill_step_bucket,8k serving prefill step bucket; no decode_batch extrapolation,,,,,serving_state_grid_rebuilt_from_step_trace_no_extrapolation,serving_state_grid_gpu_collection_design,false,false,true,true,false,false,No-Go
phase436_serving_state_grid,serving_curve,K2.5-tp4ep8dp2-8k2k,mixed_prefill,ep_a2a,8000,20,550.128507,phase436_serving_state_grid,phase429_reprofile_w0_prefill_step_bucket,8k serving prefill step bucket; no decode_batch extrapolation,,,,,serving_state_grid_rebuilt_from_step_trace_no_extrapolation,serving_state_grid_gpu_collection_design,false,false,true,true,false,false,No-Go
phase436_serving_state_grid,serving_curve,K2.5-tp4ep8dp2-8k2k,mixed_prefill,ep_a2a,8000,21,550.127333,phase436_serving_state_grid,phase429_reprofile_w0_prefill_step_bucket,8k serving prefill step bucket; no decode_batch extrapolation,,,,,serving_state_grid_rebuilt_from_step_trace_no_extrapolation,serving_state_grid_gpu_collection_design,false,false,true,true,false,false,No-Go
phase436_serving_state_grid,serving_curve,K2.5-tp4ep8dp2-8k2k,mixed_prefill,ep_a2a,8000,22,551.007428,phase436_serving_state_grid,phase429_reprofile_w0_prefill_step_bucket,8k serving prefill step bucket; no decode_batch extrapolation,,,,,serving_state_grid_rebuilt_from_step_trace_no_extrapolation,serving_state_grid_gpu_collection_design,false,false,true,true,false,false,No-Go
phase436_serving_state_grid,serving_curve,K2.5-tp4ep8dp2-8k2k,mixed_prefill,ep_a2a,8000,23,671.891303,phase436_serving_state_grid,phase429_reprofile_w0_prefill_step_bucket,8k serving prefill step bucket; no decode_batch extrapolation,,,,,serving_state_grid_rebuilt_from_step_trace_no_extrapolation,serving_state_grid_gpu_collection_design,false,false,true,true,false,false,No-Go
phase436_serving_state_grid,serving_curve,K2.5-tp4ep8dp2-8k2k,mixed_prefill,ep_a2a,8000,24,552.215461,phase436_serving_state_grid,phase429_reprofile_w0_prefill_step_bucket,8k serving prefill step bucket; no decode_batch extrapolation,,,,,serving_state_grid_rebuilt_from_step_trace_no_extrapolation,serving_state_grid_gpu_collection_design,false,false,true,true,false,false,No-Go
phase436_serving_state_grid,serving_curve,K2.5-tp4ep8dp2-8k2k,mixed_prefill,ep_a2a,8000,25,425.979565,phase436_serving_state_grid,phase429_reprofile_w0_prefill_step_bucket,8k serving prefill step bucket; no decode_batch extrapolation,,,,,serving_state_grid_rebuilt_from_step_trace_no_extrapolation,serving_state_grid_gpu_collection_design,false,false,true,true,false,false,No-Go
phase436_serving_state_grid,serving_curve,K2.5-tp4ep8dp2-8k2k,mixed_prefill,ep_a2a,8000,26,550.207298,phase436_serving_state_grid,phase429_reprofile_w0_prefill_step_bucket,8k serving prefill step bucket; no decode_batch extrapolation,,,,,serving_state_grid_rebuilt_from_step_trace_no_extrapolation,serving_state_grid_gpu_collection_design,false,false,true,true,false,false,No-Go
phase436_serving_state_grid,serving_curve,K2.5-tp4ep8dp2-8k2k,mixed_prefill,ep_a2a,8000,27,550.032660,phase436_serving_state_grid,phase429_reprofile_w0_prefill_step_bucket,8k serving prefill step bucket; no decode_batch extrapolation,,,,,serving_state_grid_rebuilt_from_step_trace_no_extrapolation,serving_state_grid_gpu_collection_design,false,false,true,true,false,false,No-Go
phase436_serving_state_grid,serving_curve,K2.5-tp4ep8dp2-8k2k,mixed_prefill,ep_a2a,8000,28,550.260974,phase436_serving_state_grid,phase429_reprofile_w0_prefill_step_bucket,8k serving prefill step bucket; no decode_batch extrapolation,,,,,serving_state_grid_rebuilt_from_step_trace_no_extrapolation,serving_state_grid_gpu_collection_design,false,false,true,true,false,false,No-Go
phase436_serving_state_grid,serving_curve,K2.5-tp4ep8dp2-8k2k,mixed_prefill,ep_a2a,8000,29,549.917306,phase436_serving_state_grid,phase429_reprofile_w0_prefill_step_bucket,8k serving prefill step bucket; no decode_batch extrapolation,,,,,serving_state_grid_rebuilt_from_step_trace_no_extrapolation,serving_state_grid_gpu_collection_design,false,false,true,true,false,false,No-Go
phase436_serving_state_grid,serving_curve,K2.5-tp4ep8dp2-8k2k,mixed_prefill,ep_a2a,8000,30,550.016429,phase436_serving_state_grid,phase429_reprofile_w0_prefill_step_bucket,8k serving prefill step bucket; no decode_batch extrapolation,,,,,serving_state_grid_rebuilt_from_step_trace_no_extrapolation,serving_state_grid_gpu_collection_design,false,false,true,true,false,false,No-Go
phase436_serving_state_grid,serving_curve,K2.5-tp4ep8dp2-8k2k,mixed_prefill,ep_a2a,8000,31,672.190115,phase436_serving_state_grid,phase429_reprofile_w0_prefill_step_bucket,8k serving prefill step bucket; no decode_batch extrapolation,,,,,serving_state_grid_rebuilt_from_step_trace_no_extrapolation,serving_state_grid_gpu_collection_design,false,false,true,true,false,false,No-Go
phase436_serving_state_grid,serving_curve,K2.5-tp4ep8dp2-8k2k,mixed_prefill,ep_a2a,8000,32,552.563771,phase436_serving_state_grid,phase429_reprofile_w0_prefill_step_bucket,8k serving prefill step bucket; no decode_batch extrapolation,,,,,serving_state_grid_rebuilt_from_step_trace_no_extrapolation,serving_state_grid_gpu_collection_design,false,false,true,true,false,false,No-Go
phase436_serving_state_grid,serving_curve,K2.5-tp4ep8dp2-8k2k,mixed_prefill,ep_a2a,8000,33,446.465951,phase436_serving_state_grid,phase429_reprofile_w0_prefill_step_bucket,8k serving prefill step bucket; no decode_batch extrapolation,,,,,serving_state_grid_rebuilt_from_step_trace_no_extrapolation,serving_state_grid_gpu_collection_design,false,false,true,true,false,false,No-Go
phase436_serving_state_grid,serving_curve,K2.5-tp4ep8dp2-8k2k,mixed_prefill,ep_a2a,8000,34,567.392574,phase436_serving_state_grid,phase429_reprofile_w0_prefill_step_bucket,8k serving prefill step bucket; no decode_batch extrapolation,,,,,serving_state_grid_rebuilt_from_step_trace_no_extrapolation,serving_state_grid_gpu_collection_design,false,false,true,true,false,false,No-Go
phase436_serving_state_grid,serving_curve,K2.5-tp4ep8dp2-8k2k,mixed_prefill,moe_gemm_or_aux,8000,1,202.251588,phase436_serving_state_grid,phase429_reprofile_w0_prefill_step_bucket,8k serving prefill step bucket; no decode_batch extrapolation,,,,,serving_state_grid_rebuilt_from_step_trace_no_extrapolation,serving_state_grid_gpu_collection_design,false,false,true,true,false,false,No-Go
phase436_serving_state_grid,serving_curve,K2.5-tp4ep8dp2-8k2k,mixed_prefill,moe_gemm_or_aux,8000,2,302.547440,phase436_serving_state_grid,phase429_reprofile_w0_prefill_step_bucket,8k serving prefill step bucket; no decode_batch extrapolation,,,,,serving_state_grid_rebuilt_from_step_trace_no_extrapolation,serving_state_grid_gpu_collection_design,false,false,true,true,false,false,No-Go
phase436_serving_state_grid,serving_curve,K2.5-tp4ep8dp2-8k2k,mixed_prefill,moe_gemm_or_aux,8000,3,302.817556,phase436_serving_state_grid,phase429_reprofile_w0_prefill_step_bucket,8k serving prefill step bucket; no decode_batch extrapolation,,,,,serving_state_grid_rebuilt_from_step_trace_no_extrapolation,serving_state_grid_gpu_collection_design,false,false,true,true,false,false,No-Go
phase436_serving_state_grid,serving_curve,K2.5-tp4ep8dp2-8k2k,mixed_prefill,moe_gemm_or_aux,8000,4,303.556102,phase436_serving_state_grid,phase429_reprofile_w0_prefill_step_bucket,8k serving prefill step bucket; no decode_batch extrapolation,,,,,serving_state_grid_rebuilt_from_step_trace_no_extrapolation,serving_state_grid_gpu_collection_design,false,false,true,true,false,false,No-Go
phase436_serving_state_grid,serving_curve,K2.5-tp4ep8dp2-8k2k,mixed_prefill,moe_gemm_or_aux,8000,5,304.073619,phase436_serving_state_grid,phase429_reprofile_w0_prefill_step_bucket,8k serving prefill step bucket; no decode_batch extrapolation,,,,,serving_state_grid_rebuilt_from_step_trace_no_extrapolation,serving_state_grid_gpu_collection_design,false,false,true,true,false,false,No-Go
phase436_serving_state_grid,serving_curve,K2.5-tp4ep8dp2-8k2k,mixed_prefill,moe_gemm_or_aux,8000,6,304.417634,phase436_serving_state_grid,phase429_reprofile_w0_prefill_step_bucket,8k serving prefill step bucket; no decode_batch extrapolation,,,,,serving_state_grid_rebuilt_from_step_trace_no_extrapolation,serving_state_grid_gpu_collection_design,false,false,true,true,false,false,No-Go
phase436_serving_state_grid,serving_curve,K2.5-tp4ep8dp2-8k2k,mixed_prefill,moe_gemm_or_aux,8000,7,369.835942,phase436_serving_state_grid,phase429_reprofile_w0_prefill_step_bucket,8k serving prefill step bucket; no decode_batch extrapolation,,,,,serving_state_grid_rebuilt_from_step_trace_no_extrapolation,serving_state_grid_gpu_collection_design,false,false,true,true,false,false,No-Go
phase436_serving_state_grid,serving_curve,K2.5-tp4ep8dp2-8k2k,mixed_prefill,moe_gemm_or_aux,8000,8,302.741998,phase436_serving_state_grid,phase429_reprofile_w0_prefill_step_bucket,8k serving prefill step bucket; no decode_batch extrapolation,,,,,serving_state_grid_rebuilt_from_step_trace_no_extrapolation,serving_state_grid_gpu_collection_design,false,false,true,true,false,false,No-Go
phase436_serving_state_grid,serving_curve,K2.5-tp4ep8dp2-8k2k,mixed_prefill,moe_gemm_or_aux,8000,9,243.218846,phase436_serving_state_grid,phase429_reprofile_w0_prefill_step_bucket,8k serving prefill step bucket; no decode_batch extrapolation,,,,,serving_state_grid_rebuilt_from_step_trace_no_extrapolation,serving_state_grid_gpu_collection_design,false,false,true,true,false,false,No-Go
phase436_serving_state_grid,serving_curve,K2.5-tp4ep8dp2-8k2k,mixed_prefill,moe_gemm_or_aux,8000,10,306.144132,phase436_serving_state_grid,phase429_reprofile_w0_prefill_step_bucket,8k serving prefill step bucket; no decode_batch extrapolation,,,,,serving_state_grid_rebuilt_from_step_trace_no_extrapolation,serving_state_grid_gpu_collection_design,false,false,true,true,false,false,No-Go
phase436_serving_state_grid,serving_curve,K2.5-tp4ep8dp2-8k2k,mixed_prefill,moe_gemm_or_aux,8000,11,306.136737,phase436_serving_state_grid,phase429_reprofile_w0_prefill_step_bucket,8k serving prefill step bucket; no decode_batch extrapolation,,,,,serving_state_grid_rebuilt_from_step_trace_no_extrapolation,serving_state_grid_gpu_collection_design,false,false,true,true,false,false,No-Go
phase436_serving_state_grid,serving_curve,K2.5-tp4ep8dp2-8k2k,mixed_prefill,moe_gemm_or_aux,8000,12,306.249668,phase436_serving_state_grid,phase429_reprofile_w0_prefill_step_bucket,8k serving prefill step bucket; no decode_batch extrapolation,,,,,serving_state_grid_rebuilt_from_step_trace_no_extrapolation,serving_state_grid_gpu_collection_design,false,false,true,true,false,false,No-Go
phase436_serving_state_grid,serving_curve,K2.5-tp4ep8dp2-8k2k,mixed_prefill,moe_gemm_or_aux,8000,13,306.447459,phase436_serving_state_grid,phase429_reprofile_w0_prefill_step_bucket,8k serving prefill step bucket; no decode_batch extrapolation,,,,,serving_state_grid_rebuilt_from_step_trace_no_extrapolation,serving_state_grid_gpu_collection_design,false,false,true,true,false,false,No-Go
phase436_serving_state_grid,serving_curve,K2.5-tp4ep8dp2-8k2k,mixed_prefill,moe_gemm_or_aux,8000,14,306.589641,phase436_serving_state_grid,phase429_reprofile_w0_prefill_step_bucket,8k serving prefill step bucket; no decode_batch extrapolation,,,,,serving_state_grid_rebuilt_from_step_trace_no_extrapolation,serving_state_grid_gpu_collection_design,false,false,true,true,false,false,No-Go
phase436_serving_state_grid,serving_curve,K2.5-tp4ep8dp2-8k2k,mixed_prefill,moe_gemm_or_aux,8000,15,371.840608,phase436_serving_state_grid,phase429_reprofile_w0_prefill_step_bucket,8k serving prefill step bucket; no decode_batch extrapolation,,,,,serving_state_grid_rebuilt_from_step_trace_no_extrapolation,serving_state_grid_gpu_collection_design,false,false,true,true,false,false,No-Go
phase436_serving_state_grid,serving_curve,K2.5-tp4ep8dp2-8k2k,mixed_prefill,moe_gemm_or_aux,8000,16,304.601093,phase436_serving_state_grid,phase429_reprofile_w0_prefill_step_bucket,8k serving prefill step bucket; no decode_batch extrapolation,,,,,serving_state_grid_rebuilt_from_step_trace_no_extrapolation,serving_state_grid_gpu_collection_design,false,false,true,true,false,false,No-Go
phase436_serving_state_grid,serving_curve,K2.5-tp4ep8dp2-8k2k,mixed_prefill,moe_gemm_or_aux,8000,17,244.057387,phase436_serving_state_grid,phase429_reprofile_w0_prefill_step_bucket,8k serving prefill step bucket; no decode_batch extrapolation,,,,,serving_state_grid_rebuilt_from_step_trace_no_extrapolation,serving_state_grid_gpu_collection_design,false,false,true,true,false,false,No-Go
phase436_serving_state_grid,serving_curve,K2.5-tp4ep8dp2-8k2k,mixed_prefill,moe_gemm_or_aux,8000,18,306.992424,phase436_serving_state_grid,phase429_reprofile_w0_prefill_step_bucket,8k serving prefill step bucket; no decode_batch extrapolation,,,,,serving_state_grid_rebuilt_from_step_trace_no_extrapolation,serving_state_grid_gpu_collection_design,false,false,true,true,false,false,No-Go
phase436_serving_state_grid,serving_curve,K2.5-tp4ep8dp2-8k2k,mixed_prefill,moe_gemm_or_aux,8000,19,307.033488,phase436_serving_state_grid,phase429_reprofile_w0_prefill_step_bucket,8k serving prefill step bucket; no decode_batch extrapolation,,,,,serving_state_grid_rebuilt_from_step_trace_no_extrapolation,serving_state_grid_gpu_collection_design,false,false,true,true,false,false,No-Go
phase436_serving_state_grid,serving_curve,K2.5-tp4ep8dp2-8k2k,mixed_prefill,moe_gemm_or_aux,8000,20,307.214582,phase436_serving_state_grid,phase429_reprofile_w0_prefill_step_bucket,8k serving prefill step bucket; no decode_batch extrapolation,,,,,serving_state_grid_rebuilt_from_step_trace_no_extrapolation,serving_state_grid_gpu_collection_design,false,false,true,true,false,false,No-Go
phase436_serving_state_grid,serving_curve,K2.5-tp4ep8dp2-8k2k,mixed_prefill,moe_gemm_or_aux,8000,21,307.492610,phase436_serving_state_grid,phase429_reprofile_w0_prefill_step_bucket,8k serving prefill step bucket; no decode_batch extrapolation,,,,,serving_state_grid_rebuilt_from_step_trace_no_extrapolation,serving_state_grid_gpu_collection_design,false,false,true,true,false,false,No-Go
phase436_serving_state_grid,serving_curve,K2.5-tp4ep8dp2-8k2k,mixed_prefill,moe_gemm_or_aux,8000,22,307.369378,phase436_serving_state_grid,phase429_reprofile_w0_prefill_step_bucket,8k serving prefill step bucket; no decode_batch extrapolation,,,,,serving_state_grid_rebuilt_from_step_trace_no_extrapolation,serving_state_grid_gpu_collection_design,false,false,true,true,false,false,No-Go
phase436_serving_state_grid,serving_curve,K2.5-tp4ep8dp2-8k2k,mixed_prefill,moe_gemm_or_aux,8000,23,373.041428,phase436_serving_state_grid,phase429_reprofile_w0_prefill_step_bucket,8k serving prefill step bucket; no decode_batch extrapolation,,,,,serving_state_grid_rebuilt_from_step_trace_no_extrapolation,serving_state_grid_gpu_collection_design,false,false,true,true,false,false,No-Go
phase436_serving_state_grid,serving_curve,K2.5-tp4ep8dp2-8k2k,mixed_prefill,moe_gemm_or_aux,8000,24,304.875747,phase436_serving_state_grid,phase429_reprofile_w0_prefill_step_bucket,8k serving prefill step bucket; no decode_batch extrapolation,,,,,serving_state_grid_rebuilt_from_step_trace_no_extrapolation,serving_state_grid_gpu_collection_design,false,false,true,true,false,false,No-Go
phase436_serving_state_grid,serving_curve,K2.5-tp4ep8dp2-8k2k,mixed_prefill,moe_gemm_or_aux,8000,25,244.447339,phase436_serving_state_grid,phase429_reprofile_w0_prefill_step_bucket,8k serving prefill step bucket; no decode_batch extrapolation,,,,,serving_state_grid_rebuilt_from_step_trace_no_extrapolation,serving_state_grid_gpu_collection_design,false,false,true,true,false,false,No-Go
phase436_serving_state_grid,serving_curve,K2.5-tp4ep8dp2-8k2k,mixed_prefill,moe_gemm_or_aux,8000,26,307.700926,phase436_serving_state_grid,phase429_reprofile_w0_prefill_step_bucket,8k serving prefill step bucket; no decode_batch extrapolation,,,,,serving_state_grid_rebuilt_from_step_trace_no_extrapolation,serving_state_grid_gpu_collection_design,false,false,true,true,false,false,No-Go
phase436_serving_state_grid,serving_curve,K2.5-tp4ep8dp2-8k2k,mixed_prefill,moe_gemm_or_aux,8000,27,307.733258,phase436_serving_state_grid,phase429_reprofile_w0_prefill_step_bucket,8k serving prefill step bucket; no decode_batch extrapolation,,,,,serving_state_grid_rebuilt_from_step_trace_no_extrapolation,serving_state_grid_gpu_collection_design,false,false,true,true,false,false,No-Go
phase436_serving_state_grid,serving_curve,K2.5-tp4ep8dp2-8k2k,mixed_prefill,moe_gemm_or_aux,8000,28,307.803867,phase436_serving_state_grid,phase429_reprofile_w0_prefill_step_bucket,8k serving prefill step bucket; no decode_batch extrapolation,,,,,serving_state_grid_rebuilt_from_step_trace_no_extrapolation,serving_state_grid_gpu_collection_design,false,false,true,true,false,false,No-Go
phase436_serving_state_grid,serving_curve,K2.5-tp4ep8dp2-8k2k,mixed_prefill,moe_gemm_or_aux,8000,29,307.873480,phase436_serving_state_grid,phase429_reprofile_w0_prefill_step_bucket,8k serving prefill step bucket; no decode_batch extrapolation,,,,,serving_state_grid_rebuilt_from_step_trace_no_extrapolation,serving_state_grid_gpu_collection_design,false,false,true,true,false,false,No-Go
phase436_serving_state_grid,serving_curve,K2.5-tp4ep8dp2-8k2k,mixed_prefill,moe_gemm_or_aux,8000,30,307.902945,phase436_serving_state_grid,phase429_reprofile_w0_prefill_step_bucket,8k serving prefill step bucket; no decode_batch extrapolation,,,,,serving_state_grid_rebuilt_from_step_trace_no_extrapolation,serving_state_grid_gpu_collection_design,false,false,true,true,false,false,No-Go
phase436_serving_state_grid,serving_curve,K2.5-tp4ep8dp2-8k2k,mixed_prefill,moe_gemm_or_aux,8000,31,373.775856,phase436_serving_state_grid,phase429_reprofile_w0_prefill_step_bucket,8k serving prefill step bucket; no decode_batch extrapolation,,,,,serving_state_grid_rebuilt_from_step_trace_no_extrapolation,serving_state_grid_gpu_collection_design,false,false,true,true,false,false,No-Go
phase436_serving_state_grid,serving_curve,K2.5-tp4ep8dp2-8k2k,mixed_prefill,moe_gemm_or_aux,8000,32,305.346456,phase436_serving_state_grid,phase429_reprofile_w0_prefill_step_bucket,8k serving prefill step bucket; no decode_batch extrapolation,,,,,serving_state_grid_rebuilt_from_step_trace_no_extrapolation,serving_state_grid_gpu_collection_design,false,false,true,true,false,false,No-Go
phase436_serving_state_grid,serving_curve,K2.5-tp4ep8dp2-8k2k,mixed_prefill,moe_gemm_or_aux,8000,33,253.076233,phase436_serving_state_grid,phase429_reprofile_w0_prefill_step_bucket,8k serving prefill step bucket; no decode_batch extrapolation,,,,,serving_state_grid_rebuilt_from_step_trace_no_extrapolation,serving_state_grid_gpu_collection_design,false,false,true,true,false,false,No-Go
phase436_serving_state_grid,serving_curve,K2.5-tp4ep8dp2-8k2k,mixed_prefill,moe_gemm_or_aux,8000,34,319.441326,phase436_serving_state_grid,phase429_reprofile_w0_prefill_step_bucket,8k serving prefill step bucket; no decode_batch extrapolation,,,,,serving_state_grid_rebuilt_from_step_trace_no_extrapolation,serving_state_grid_gpu_collection_design,false,false,true,true,false,false,No-Go
phase436_serving_state_grid,serving_curve,K2.5-tp4ep8dp2-8k2k,mixed_prefill,other_cuda,8000,1,216.480896,phase436_serving_state_grid,phase429_reprofile_w0_prefill_step_bucket,8k serving prefill step bucket; no decode_batch extrapolation,,,,,serving_state_grid_rebuilt_from_step_trace_no_extrapolation,serving_state_grid_gpu_collection_design,false,false,true,true,false,false,No-Go
phase436_serving_state_grid,serving_curve,K2.5-tp4ep8dp2-8k2k,mixed_prefill,other_cuda,8000,2,159.833090,phase436_serving_state_grid,phase429_reprofile_w0_prefill_step_bucket,8k serving prefill step bucket; no decode_batch extrapolation,,,,,serving_state_grid_rebuilt_from_step_trace_no_extrapolation,serving_state_grid_gpu_collection_design,false,false,true,true,false,false,No-Go
phase436_serving_state_grid,serving_curve,K2.5-tp4ep8dp2-8k2k,mixed_prefill,other_cuda,8000,3,159.871829,phase436_serving_state_grid,phase429_reprofile_w0_prefill_step_bucket,8k serving prefill step bucket; no decode_batch extrapolation,,,,,serving_state_grid_rebuilt_from_step_trace_no_extrapolation,serving_state_grid_gpu_collection_design,false,false,true,true,false,false,No-Go
phase436_serving_state_grid,serving_curve,K2.5-tp4ep8dp2-8k2k,mixed_prefill,other_cuda,8000,4,159.864073,phase436_serving_state_grid,phase429_reprofile_w0_prefill_step_bucket,8k serving prefill step bucket; no decode_batch extrapolation,,,,,serving_state_grid_rebuilt_from_step_trace_no_extrapolation,serving_state_grid_gpu_collection_design,false,false,true,true,false,false,No-Go
phase436_serving_state_grid,serving_curve,K2.5-tp4ep8dp2-8k2k,mixed_prefill,other_cuda,8000,5,159.871421,phase436_serving_state_grid,phase429_reprofile_w0_prefill_step_bucket,8k serving prefill step bucket; no decode_batch extrapolation,,,,,serving_state_grid_rebuilt_from_step_trace_no_extrapolation,serving_state_grid_gpu_collection_design,false,false,true,true,false,false,No-Go
phase436_serving_state_grid,serving_curve,K2.5-tp4ep8dp2-8k2k,mixed_prefill,other_cuda,8000,6,160.186395,phase436_serving_state_grid,phase429_reprofile_w0_prefill_step_bucket,8k serving prefill step bucket; no decode_batch extrapolation,,,,,serving_state_grid_rebuilt_from_step_trace_no_extrapolation,serving_state_grid_gpu_collection_design,false,false,true,true,false,false,No-Go
phase436_serving_state_grid,serving_curve,K2.5-tp4ep8dp2-8k2k,mixed_prefill,other_cuda,8000,7,192.256793,phase436_serving_state_grid,phase429_reprofile_w0_prefill_step_bucket,8k serving prefill step bucket; no decode_batch extrapolation,,,,,serving_state_grid_rebuilt_from_step_trace_no_extrapolation,serving_state_grid_gpu_collection_design,false,false,true,true,false,false,No-Go
phase436_serving_state_grid,serving_curve,K2.5-tp4ep8dp2-8k2k,mixed_prefill,other_cuda,8000,8,160.083266,phase436_serving_state_grid,phase429_reprofile_w0_prefill_step_bucket,8k serving prefill step bucket; no decode_batch extrapolation,,,,,serving_state_grid_rebuilt_from_step_trace_no_extrapolation,serving_state_grid_gpu_collection_design,false,false,true,true,false,false,No-Go
phase436_serving_state_grid,serving_curve,K2.5-tp4ep8dp2-8k2k,mixed_prefill,other_cuda,8000,9,127.554324,phase436_serving_state_grid,phase429_reprofile_w0_prefill_step_bucket,8k serving prefill step bucket; no decode_batch extrapolation,,,,,serving_state_grid_rebuilt_from_step_trace_no_extrapolation,serving_state_grid_gpu_collection_design,false,false,true,true,false,false,No-Go
phase436_serving_state_grid,serving_curve,K2.5-tp4ep8dp2-8k2k,mixed_prefill,other_cuda,8000,10,159.848002,phase436_serving_state_grid,phase429_reprofile_w0_prefill_step_bucket,8k serving prefill step bucket; no decode_batch extrapolation,,,,,serving_state_grid_rebuilt_from_step_trace_no_extrapolation,serving_state_grid_gpu_collection_design,false,false,true,true,false,false,No-Go
phase436_serving_state_grid,serving_curve,K2.5-tp4ep8dp2-8k2k,mixed_prefill,other_cuda,8000,11,159.742173,phase436_serving_state_grid,phase429_reprofile_w0_prefill_step_bucket,8k serving prefill step bucket; no decode_batch extrapolation,,,,,serving_state_grid_rebuilt_from_step_trace_no_extrapolation,serving_state_grid_gpu_collection_design,false,false,true,true,false,false,No-Go
phase436_serving_state_grid,serving_curve,K2.5-tp4ep8dp2-8k2k,mixed_prefill,other_cuda,8000,12,159.960146,phase436_serving_state_grid,phase429_reprofile_w0_prefill_step_bucket,8k serving prefill step bucket; no decode_batch extrapolation,,,,,serving_state_grid_rebuilt_from_step_trace_no_extrapolation,serving_state_grid_gpu_collection_design,false,false,true,true,false,false,No-Go
phase436_serving_state_grid,serving_curve,K2.5-tp4ep8dp2-8k2k,mixed_prefill,other_cuda,8000,13,160.144472,phase436_serving_state_grid,phase429_reprofile_w0_prefill_step_bucket,8k serving prefill step bucket; no decode_batch extrapolation,,,,,serving_state_grid_rebuilt_from_step_trace_no_extrapolation,serving_state_grid_gpu_collection_design,false,false,true,true,false,false,No-Go
phase436_serving_state_grid,serving_curve,K2.5-tp4ep8dp2-8k2k,mixed_prefill,other_cuda,8000,14,159.917759,phase436_serving_state_grid,phase429_reprofile_w0_prefill_step_bucket,8k serving prefill step bucket; no decode_batch extrapolation,,,,,serving_state_grid_rebuilt_from_step_trace_no_extrapolation,serving_state_grid_gpu_collection_design,false,false,true,true,false,false,No-Go
phase436_serving_state_grid,serving_curve,K2.5-tp4ep8dp2-8k2k,mixed_prefill,other_cuda,8000,15,192.407734,phase436_serving_state_grid,phase429_reprofile_w0_prefill_step_bucket,8k serving prefill step bucket; no decode_batch extrapolation,,,,,serving_state_grid_rebuilt_from_step_trace_no_extrapolation,serving_state_grid_gpu_collection_design,false,false,true,true,false,false,No-Go
phase436_serving_state_grid,serving_curve,K2.5-tp4ep8dp2-8k2k,mixed_prefill,other_cuda,8000,16,160.316426,phase436_serving_state_grid,phase429_reprofile_w0_prefill_step_bucket,8k serving prefill step bucket; no decode_batch extrapolation,,,,,serving_state_grid_rebuilt_from_step_trace_no_extrapolation,serving_state_grid_gpu_collection_design,false,false,true,true,false,false,No-Go
phase436_serving_state_grid,serving_curve,K2.5-tp4ep8dp2-8k2k,mixed_prefill,other_cuda,8000,17,127.279370,phase436_serving_state_grid,phase429_reprofile_w0_prefill_step_bucket,8k serving prefill step bucket; no decode_batch extrapolation,,,,,serving_state_grid_rebuilt_from_step_trace_no_extrapolation,serving_state_grid_gpu_collection_design,false,false,true,true,false,false,No-Go
phase436_serving_state_grid,serving_curve,K2.5-tp4ep8dp2-8k2k,mixed_prefill,other_cuda,8000,18,160.357475,phase436_serving_state_grid,phase429_reprofile_w0_prefill_step_bucket,8k serving prefill step bucket; no decode_batch extrapolation,,,,,serving_state_grid_rebuilt_from_step_trace_no_extrapolation,serving_state_grid_gpu_collection_design,false,false,true,true,false,false,No-Go
phase436_serving_state_grid,serving_curve,K2.5-tp4ep8dp2-8k2k,mixed_prefill,other_cuda,8000,19,159.824661,phase436_serving_state_grid,phase429_reprofile_w0_prefill_step_bucket,8k serving prefill step bucket; no decode_batch extrapolation,,,,,serving_state_grid_rebuilt_from_step_trace_no_extrapolation,serving_state_grid_gpu_collection_design,false,false,true,true,false,false,No-Go
phase436_serving_state_grid,serving_curve,K2.5-tp4ep8dp2-8k2k,mixed_prefill,other_cuda,8000,20,160.171718,phase436_serving_state_grid,phase429_reprofile_w0_prefill_step_bucket,8k serving prefill step bucket; no decode_batch extrapolation,,,,,serving_state_grid_rebuilt_from_step_trace_no_extrapolation,serving_state_grid_gpu_collection_design,false,false,true,true,false,false,No-Go
phase436_serving_state_grid,serving_curve,K2.5-tp4ep8dp2-8k2k,mixed_prefill,other_cuda,8000,21,160.208760,phase436_serving_state_grid,phase429_reprofile_w0_prefill_step_bucket,8k serving prefill step bucket; no decode_batch extrapolation,,,,,serving_state_grid_rebuilt_from_step_trace_no_extrapolation,serving_state_grid_gpu_collection_design,false,false,true,true,false,false,No-Go
phase436_serving_state_grid,serving_curve,K2.5-tp4ep8dp2-8k2k,mixed_prefill,other_cuda,8000,22,159.996728,phase436_serving_state_grid,phase429_reprofile_w0_prefill_step_bucket,8k serving prefill step bucket; no decode_batch extrapolation,,,,,serving_state_grid_rebuilt_from_step_trace_no_extrapolation,serving_state_grid_gpu_collection_design,false,false,true,true,false,false,No-Go
phase436_serving_state_grid,serving_curve,K2.5-tp4ep8dp2-8k2k,mixed_prefill,other_cuda,8000,23,192.346201,phase436_serving_state_grid,phase429_reprofile_w0_prefill_step_bucket,8k serving prefill step bucket; no decode_batch extrapolation,,,,,serving_state_grid_rebuilt_from_step_trace_no_extrapolation,serving_state_grid_gpu_collection_design,false,false,true,true,false,false,No-Go
phase436_serving_state_grid,serving_curve,K2.5-tp4ep8dp2-8k2k,mixed_prefill,other_cuda,8000,24,160.717571,phase436_serving_state_grid,phase429_reprofile_w0_prefill_step_bucket,8k serving prefill step bucket; no decode_batch extrapolation,,,,,serving_state_grid_rebuilt_from_step_trace_no_extrapolation,serving_state_grid_gpu_collection_design,false,false,true,true,false,false,No-Go
phase436_serving_state_grid,serving_curve,K2.5-tp4ep8dp2-8k2k,mixed_prefill,other_cuda,8000,25,127.825672,phase436_serving_state_grid,phase429_reprofile_w0_prefill_step_bucket,8k serving prefill step bucket; no decode_batch extrapolation,,,,,serving_state_grid_rebuilt_from_step_trace_no_extrapolation,serving_state_grid_gpu_collection_design,false,false,true,true,false,false,No-Go
phase436_serving_state_grid,serving_curve,K2.5-tp4ep8dp2-8k2k,mixed_prefill,other_cuda,8000,26,160.372163,phase436_serving_state_grid,phase429_reprofile_w0_prefill_step_bucket,8k serving prefill step bucket; no decode_batch extrapolation,,,,,serving_state_grid_rebuilt_from_step_trace_no_extrapolation,serving_state_grid_gpu_collection_design,false,false,true,true,false,false,No-Go
phase436_serving_state_grid,serving_curve,K2.5-tp4ep8dp2-8k2k,mixed_prefill,other_cuda,8000,27,159.746461,phase436_serving_state_grid,phase429_reprofile_w0_prefill_step_bucket,8k serving prefill step bucket; no decode_batch extrapolation,,,,,serving_state_grid_rebuilt_from_step_trace_no_extrapolation,serving_state_grid_gpu_collection_design,false,false,true,true,false,false,No-Go
phase436_serving_state_grid,serving_curve,K2.5-tp4ep8dp2-8k2k,mixed_prefill,other_cuda,8000,28,159.729040,phase436_serving_state_grid,phase429_reprofile_w0_prefill_step_bucket,8k serving prefill step bucket; no decode_batch extrapolation,,,,,serving_state_grid_rebuilt_from_step_trace_no_extrapolation,serving_state_grid_gpu_collection_design,false,false,true,true,false,false,No-Go
phase436_serving_state_grid,serving_curve,K2.5-tp4ep8dp2-8k2k,mixed_prefill,other_cuda,8000,29,160.135058,phase436_serving_state_grid,phase429_reprofile_w0_prefill_step_bucket,8k serving prefill step bucket; no decode_batch extrapolation,,,,,serving_state_grid_rebuilt_from_step_trace_no_extrapolation,serving_state_grid_gpu_collection_design,false,false,true,true,false,false,No-Go
phase436_serving_state_grid,serving_curve,K2.5-tp4ep8dp2-8k2k,mixed_prefill,other_cuda,8000,30,159.536695,phase436_serving_state_grid,phase429_reprofile_w0_prefill_step_bucket,8k serving prefill step bucket; no decode_batch extrapolation,,,,,serving_state_grid_rebuilt_from_step_trace_no_extrapolation,serving_state_grid_gpu_collection_design,false,false,true,true,false,false,No-Go
phase436_serving_state_grid,serving_curve,K2.5-tp4ep8dp2-8k2k,mixed_prefill,other_cuda,8000,31,192.262804,phase436_serving_state_grid,phase429_reprofile_w0_prefill_step_bucket,8k serving prefill step bucket; no decode_batch extrapolation,,,,,serving_state_grid_rebuilt_from_step_trace_no_extrapolation,serving_state_grid_gpu_collection_design,false,false,true,true,false,false,No-Go
phase436_serving_state_grid,serving_curve,K2.5-tp4ep8dp2-8k2k,mixed_prefill,other_cuda,8000,32,160.239470,phase436_serving_state_grid,phase429_reprofile_w0_prefill_step_bucket,8k serving prefill step bucket; no decode_batch extrapolation,,,,,serving_state_grid_rebuilt_from_step_trace_no_extrapolation,serving_state_grid_gpu_collection_design,false,false,true,true,false,false,No-Go
phase436_serving_state_grid,serving_curve,K2.5-tp4ep8dp2-8k2k,mixed_prefill,other_cuda,8000,33,134.811021,phase436_serving_state_grid,phase429_reprofile_w0_prefill_step_bucket,8k serving prefill step bucket; no decode_batch extrapolation,,,,,serving_state_grid_rebuilt_from_step_trace_no_extrapolation,serving_state_grid_gpu_collection_design,false,false,true,true,false,false,No-Go
phase436_serving_state_grid,serving_curve,K2.5-tp4ep8dp2-8k2k,mixed_prefill,other_cuda,8000,34,219.802784,phase436_serving_state_grid,phase429_reprofile_w0_prefill_step_bucket,8k serving prefill step bucket; no decode_batch extrapolation,,,,,serving_state_grid_rebuilt_from_step_trace_no_extrapolation,serving_state_grid_gpu_collection_design,false,false,true,true,false,false,No-Go
phase436_serving_state_grid,serving_curve,K2.5-tp4ep8dp2-8k2k,decode,collective_other,8,8,0.388674,phase436_serving_state_grid,phase429_reprofile_decode_step_bucket,decode serving-state step bucket; no batch extrapolation,,,,,serving_state_grid_rebuilt_from_step_trace_no_extrapolation,serving_state_grid_gpu_collection_design,false,false,true,true,false,false,No-Go
phase436_serving_state_grid,serving_curve,K2.5-tp4ep8dp2-8k2k,decode,collective_other,36,36,0.759284,phase436_serving_state_grid,phase429_reprofile_decode_step_bucket,decode serving-state step bucket; no batch extrapolation,,,,,serving_state_grid_rebuilt_from_step_trace_no_extrapolation,serving_state_grid_gpu_collection_design,false,false,true,true,false,false,No-Go
phase436_serving_state_grid,serving_curve,K2.5-tp4ep8dp2-8k2k,decode,collective_other,52,52,0.829494,phase436_serving_state_grid,phase429_reprofile_decode_step_bucket,decode serving-state step bucket; no batch extrapolation,,,,,serving_state_grid_rebuilt_from_step_trace_no_extrapolation,serving_state_grid_gpu_collection_design,false,false,true,true,false,false,No-Go
phase436_serving_state_grid,serving_curve,K2.5-tp4ep8dp2-8k2k,decode,ep_a2a,8,8,4.370087,phase436_serving_state_grid,phase429_reprofile_decode_step_bucket,decode serving-state step bucket; no batch extrapolation,,,,,serving_state_grid_rebuilt_from_step_trace_no_extrapolation,serving_state_grid_gpu_collection_design,false,false,true,true,false,false,No-Go
phase436_serving_state_grid,serving_curve,K2.5-tp4ep8dp2-8k2k,decode,ep_a2a,36,36,7.087431,phase436_serving_state_grid,phase429_reprofile_decode_step_bucket,decode serving-state step bucket; no batch extrapolation,,,,,serving_state_grid_rebuilt_from_step_trace_no_extrapolation,serving_state_grid_gpu_collection_design,false,false,true,true,false,false,No-Go
phase436_serving_state_grid,serving_curve,K2.5-tp4ep8dp2-8k2k,decode,ep_a2a,52,52,7.330396,phase436_serving_state_grid,phase429_reprofile_decode_step_bucket,decode serving-state step bucket; no batch extrapolation,,,,,serving_state_grid_rebuilt_from_step_trace_no_extrapolation,serving_state_grid_gpu_collection_design,false,false,true,true,false,false,No-Go
phase436_serving_state_grid,serving_curve,K2.5-tp4ep8dp2-8k2k,decode,moe_gemm_or_aux,8,8,3.660687,phase436_serving_state_grid,phase429_reprofile_decode_step_bucket,decode serving-state step bucket; no batch extrapolation,,,,,serving_state_grid_rebuilt_from_step_trace_no_extrapolation,serving_state_grid_gpu_collection_design,false,false,true,true,false,false,No-Go
phase436_serving_state_grid,serving_curve,K2.5-tp4ep8dp2-8k2k,decode,moe_gemm_or_aux,36,36,10.114044,phase436_serving_state_grid,phase429_reprofile_decode_step_bucket,decode serving-state step bucket; no batch extrapolation,,,,,serving_state_grid_rebuilt_from_step_trace_no_extrapolation,serving_state_grid_gpu_collection_design,false,false,true,true,false,false,No-Go
phase436_serving_state_grid,serving_curve,K2.5-tp4ep8dp2-8k2k,decode,moe_gemm_or_aux,52,52,10.575007,phase436_serving_state_grid,phase429_reprofile_decode_step_bucket,decode serving-state step bucket; no batch extrapolation,,,,,serving_state_grid_rebuilt_from_step_trace_no_extrapolation,serving_state_grid_gpu_collection_design,false,false,true,true,false,false,No-Go
phase436_serving_state_grid,serving_curve,K2.5-tp4ep8dp2-8k2k,decode,other_cuda,8,8,1.572512,phase436_serving_state_grid,phase429_reprofile_decode_step_bucket,decode serving-state step bucket; no batch extrapolation,,,,,serving_state_grid_rebuilt_from_step_trace_no_extrapolation,serving_state_grid_gpu_collection_design,false,false,true,true,false,false,No-Go
phase436_serving_state_grid,serving_curve,K2.5-tp4ep8dp2-8k2k,decode,other_cuda,36,36,2.007990,phase436_serving_state_grid,phase429_reprofile_decode_step_bucket,decode serving-state step bucket; no batch extrapolation,,,,,serving_state_grid_rebuilt_from_step_trace_no_extrapolation,serving_state_grid_gpu_collection_design,false,false,true,true,false,false,No-Go
phase436_serving_state_grid,serving_curve,K2.5-tp4ep8dp2-8k2k,decode,other_cuda,52,52,2.308369,phase436_serving_state_grid,phase429_reprofile_decode_step_bucket,decode serving-state step bucket; no batch extrapolation,,,,,serving_state_grid_rebuilt_from_step_trace_no_extrapolation,serving_state_grid_gpu_collection_design,false,false,true,true,false,false,No-Go
phase436_serving_state_grid,serving_curve,K2.5-tp4ep8dp2-32k3k,mixed_prefill,collective_other,32000,0,348.179960,phase436_serving_state_grid,phase433_nsys_prefill_category_mean_phase436_grid,32k serving prefill category mean over observed prefill steps,,,,,serving_state_grid_rebuilt_from_step_trace_no_extrapolation,serving_state_grid_gpu_collection_design,false,false,true,true,false,false,No-Go
phase436_serving_state_grid,serving_curve,K2.5-tp4ep8dp2-32k3k,mixed_prefill,collective_other,32000,8,348.179960,phase436_serving_state_grid,phase433_nsys_prefill_category_mean_phase436_grid,32k serving prefill category mean over observed prefill steps,,,,,serving_state_grid_rebuilt_from_step_trace_no_extrapolation,serving_state_grid_gpu_collection_design,false,false,true,true,false,false,No-Go
phase436_serving_state_grid,serving_curve,K2.5-tp4ep8dp2-32k3k,mixed_prefill,ep_a2a,32000,0,1917.743178,phase436_serving_state_grid,phase433_nsys_prefill_category_mean_phase436_grid,32k serving prefill category mean over observed prefill steps,,,,,serving_state_grid_rebuilt_from_step_trace_no_extrapolation,serving_state_grid_gpu_collection_design,false,false,true,true,false,false,No-Go
phase436_serving_state_grid,serving_curve,K2.5-tp4ep8dp2-32k3k,mixed_prefill,ep_a2a,32000,8,1917.743178,phase436_serving_state_grid,phase433_nsys_prefill_category_mean_phase436_grid,32k serving prefill category mean over observed prefill steps,,,,,serving_state_grid_rebuilt_from_step_trace_no_extrapolation,serving_state_grid_gpu_collection_design,false,false,true,true,false,false,No-Go
phase436_serving_state_grid,serving_curve,K2.5-tp4ep8dp2-32k3k,mixed_prefill,moe_gemm_or_aux,32000,0,1143.462225,phase436_serving_state_grid,phase433_nsys_prefill_category_mean_phase436_grid,32k serving prefill category mean over observed prefill steps,,,,,serving_state_grid_rebuilt_from_step_trace_no_extrapolation,serving_state_grid_gpu_collection_design,false,false,true,true,false,false,No-Go
phase436_serving_state_grid,serving_curve,K2.5-tp4ep8dp2-32k3k,mixed_prefill,moe_gemm_or_aux,32000,8,1143.462225,phase436_serving_state_grid,phase433_nsys_prefill_category_mean_phase436_grid,32k serving prefill category mean over observed prefill steps,,,,,serving_state_grid_rebuilt_from_step_trace_no_extrapolation,serving_state_grid_gpu_collection_design,false,false,true,true,false,false,No-Go
phase436_serving_state_grid,serving_curve,K2.5-tp4ep8dp2-32k3k,mixed_prefill,other_cuda,32000,0,495.698383,phase436_serving_state_grid,phase433_nsys_prefill_category_mean_phase436_grid,32k serving prefill category mean over observed prefill steps,,,,,serving_state_grid_rebuilt_from_step_trace_no_extrapolation,serving_state_grid_gpu_collection_design,false,false,true,true,false,false,No-Go
phase436_serving_state_grid,serving_curve,K2.5-tp4ep8dp2-32k3k,mixed_prefill,other_cuda,32000,8,495.698383,phase436_serving_state_grid,phase433_nsys_prefill_category_mean_phase436_grid,32k serving prefill category mean over observed prefill steps,,,,,serving_state_grid_rebuilt_from_step_trace_no_extrapolation,serving_state_grid_gpu_collection_design,false,false,true,true,false,false,No-Go
phase436_serving_state_grid,consistency_gate,K2.5-tp4ep8dp2-32k3k,mixed_prefill,,,,,phase436_serving_state_grid,,Phase433 category excess reconstructs 32k prefill missing wall time,2900.316853,2751.035801,5.147060,passed,serving_state_grid_rebuilt_from_step_trace_no_extrapolation,serving_state_grid_gpu_collection_design,false,false,true,true,false,false,No-Go
phase436_serving_state_grid,consistency_gate,K2.5-tp4ep8dp2-8k2k,decode,,,,,phase436_serving_state_grid,,Phase426 decode gap is retained as reference; category rows provide the serving grid,16.494223,16.494223,0.000000,passed,serving_state_grid_rebuilt_from_step_trace_no_extrapolation,serving_state_grid_gpu_collection_design,false,false,true,true,false,false,No-Go
