source,row_type,scenario,tp,dp,ep,max_bt,real_output_tok_s_gpu,sim_before_tok_s_gpu,sim_after_tok_s_gpu,sim_real_ratio_before,sim_real_ratio_after,error_ratio_before,error_ratio_after,error_ratio_delta,classification,num_gpu_blocks,full_sequence_capacity_per_engine,configured_max_num_batched_tokens,budget_full_prefill_reqs,initial_prefill_reqs,initial_prefill_tokens,representative_step_ms,moe_query_path,ep_query_path,capacity_classification,trace_status,mechanism_verdict,next_phase_target,phase405_penalty_read,gpu_allowed,ssh_allowed,runtime_modified,perf_database,valid_for_default,diagnostic_only,default_readiness
phase421_wire_bt65536,config,K2.5-tp4ep8dp2-32k3k,4,2,8,32000,53.277429,92.387868,92.387868,1.734090,1.734090,1.734090,1.734090,0.000000,unchanged,,,,,,,,,,,,,,false,false,false,false,false,false,true,No-Go
phase421_wire_bt65536,config,K2.5-tp4ep8dp2-8k2k,4,2,8,8000,137.716000,351.608074,351.608074,2.553139,2.553139,2.553139,2.553139,0.000000,unchanged,,,,,,,,,,,,,,false,false,false,false,false,false,true,No-Go
phase421_wire_bt65536,config,K2.5-tp4ep8dp2-8k2k-bt65536,4,2,8,65536,155.952000,20.725982,27.638441,0.132900,0.177224,7.524468,5.642576,-1.881892,improved,,,,,,,,,,,,,,false,false,false,false,false,false,true,No-Go
phase421_wire_bt65536,config,K2.5-tp8ep8-32k3k,8,1,8,32000,52.469143,56.078752,56.078752,1.068795,1.068795,1.068795,1.068795,0.000000,unchanged,,,,,,,,,,,,,,false,false,false,false,false,false,true,No-Go
phase421_wire_bt65536,config,K2.5-tp8ep8-8k2k,8,1,8,8000,133.528000,166.971525,166.971525,1.250461,1.250461,1.250461,1.250461,0.000000,unchanged,,,,,,,,,,,,,,false,false,false,false,false,false,true,No-Go
phase421_wire_bt65536,config,K2.5-tp8ep8-8k2k-bt65536,8,1,8,65536,138.470000,116.324618,155.069882,0.840071,1.119881,1.190376,1.119881,-0.070495,improved,,,,,,,,,,,,,,false,false,false,false,false,false,true,No-Go
phase421_wire_bt65536,trace,K2.5-tp8ep8-8k2k-bt65536,8,1,8,65536,138.470000,,155.069882,,,,1.119881,,,21472,34.355200,65536,8,9,65536,1100.792278,phase397v_sol_out_of_coverage,ep8_alltoall_fallback,reference_dirty_capacity,wired_full_budget,,,false,false,false,false,false,false,true,No-Go
phase421_wire_bt65536,trace,K2.5-tp4ep8dp2-8k2k-bt65536,4,2,8,65536,155.952000,,27.638441,,,,5.642576,,,1609,2.574400,65536,8,3,24000,650.457530,moe_perf_lookup,ep8_alltoall_fallback,dirty_capacity_conflict,wired_but_capacity_limited,,,false,false,false,false,false,false,true,No-Go
phase421_wire_bt65536,summary,all_multi_config,,,,,,,,,,7.524468,5.642576,,,,,,,,,,,,,,bt65536_wired_tp8_recovers_dp2_dirty_capacity_remains,phase422_resolve_dirty_dp2_bt65536_capacity_before_large_step_cost,false,false,false,false,false,false,true,No-Go
