source,row_type,verdict,probe_level,run_static_used,runtime_model,perfdb_model_key,hardware,backend,vllm_version,topology,raw_tokens,bucket_tokens,measurement_boundary,runner_boundary_api,module_boundary,quant_runtime,query_vllm_module_call_count,query_vllm_module_key,latency_ms,post_dispatch_policy,post_dispatch_latency_ms,fallback_query,non_scope_reason,fail_fast,error,combined_full_model_status,next_allowed_phase,new_perfdb_data,gpu_allowed,ssh_allowed,default_aic_allowed,interpolation_allowed,extrapolation_allowed,nearest_bucket_allowed,default_readiness,diagnostic_only,valid_for_default,perf_database
phase381_local_end_to_end_exact_bucket_probe,phase380_prerequisite,phase380_runtime_binding_sufficiency_gate_passed,local_end_to_end,false,moonshotai/Kimi-K2.5,kimi-k2.5,h200_sxm,vllm,0.19.0,tp4dp2ep8,,,,,,CompressedTensorsWNA16MarlinMoEMethod,0,,,,,,,false,,,phase381_local_end_to_end_exact_bucket_probe,false,false,false,false,false,false,false,No-Go,true,false,false
phase381_local_end_to_end_exact_bucket_probe,fusedmoe_runner_compute_run_static_exact_bucket_probe,pass,basebackend_run_static,true,moonshotai/Kimi-K2.5,kimi-k2.5,h200_sxm,vllm,0.19.0,tp4dp2ep8,32,16,fusedmoe_forward_runner_level,FusedMoE.forward(),fusedmoe_runner_compute,CompressedTensorsWNA16MarlinMoEMethod,1,kimi-k2.5|h200_sxm|0.19.0|tp4dp2ep8|16|fusedmoe_runner_compute|CompressedTensorsWNA16MarlinMoEMethod,0.239764,,,,,false,,,,false,false,false,false,false,false,false,No-Go,true,false,false
phase381_local_end_to_end_exact_bucket_probe,ep8_comm_dispatch_combine_run_static_pre_post_probe,pass,basebackend_run_static,true,moonshotai/Kimi-K2.5,kimi-k2.5,h200_sxm,vllm,0.19.0,tp4dp2ep8,64,16,vllm_ep_group_dispatch_router_logits_plus_combine,,ep8_comm_dispatch_combine,CompressedTensorsWNA16MarlinMoEMethod,1,kimi-k2.5|h200_sxm|0.19.0|tp4dp2ep8|16|ep8_comm_dispatch_combine|CompressedTensorsWNA16MarlinMoEMethod,0.083776,zero_after_bucket_check,0.000000,,,false,,,,false,false,false,false,false,false,false,No-Go,true,false,false
phase381_local_end_to_end_exact_bucket_probe,bucket_128_fail_fast_probe,pass,basebackend_run_static,true,moonshotai/Kimi-K2.5,kimi-k2.5,h200_sxm,vllm,0.19.0,tp4dp2ep8,512,128,,,,CompressedTensorsWNA16MarlinMoEMethod,0,,,,,,,true,"bucket_tokens must be one of [1, 15, 16, 241, 1808, 2048, 8192], got 128",,,false,false,false,false,false,false,false,No-Go,true,false,false
phase381_local_end_to_end_exact_bucket_probe,non_kimi_scope_probe,pass,basebackend_run_static,true,meta-llama/Llama-3.1-8B,kimi-k2.5,h200_sxm,vllm,0.19.0,tp4dp2ep8,32,16,,,,CompressedTensorsWNA16MarlinMoEMethod,0,,9.000000,,,query_moe,model_name_not_kimi,false,,,,false,false,false,false,false,false,false,No-Go,true,false,false
phase381_local_end_to_end_exact_bucket_probe,non_topology_scope_probe,pass,basebackend_run_static,true,moonshotai/Kimi-K2.5,kimi-k2.5,h200_sxm,vllm,0.19.0,tp4dp1ep8,32,16,,,,CompressedTensorsWNA16MarlinMoEMethod,0,,9.000000,,,query_moe,topology_not_tp4dp2ep8,false,,,,false,false,false,false,false,false,false,No-Go,true,false,false
phase381_local_end_to_end_exact_bucket_probe,combined_full_model_exact_bucket_probe,blocked_by_bucket_mapping,local_end_to_end,false,moonshotai/Kimi-K2.5,kimi-k2.5,h200_sxm,vllm,0.19.0,tp4dp2ep8,,,,,,CompressedTensorsWNA16MarlinMoEMethod,0,,,,,not_bypassed,,false,same_raw_tokens_maps_to_ep8_bucket_raw_div_4_and_fusedmoe_bucket_raw_div_4_times_2,blocked_by_bucket_mapping,,false,false,false,false,false,false,false,No-Go,true,false,false
phase381_local_end_to_end_exact_bucket_probe,default_aic_blocked,blocked_unit_local_probe_only,local_end_to_end,false,moonshotai/Kimi-K2.5,kimi-k2.5,h200_sxm,vllm,0.19.0,tp4dp2ep8,,,,,,CompressedTensorsWNA16MarlinMoEMethod,0,,,,,,,false,,,,false,false,false,false,false,false,false,No-Go,true,false,false
phase381_local_end_to_end_exact_bucket_probe,next_phase,phase382_runtime_binding_probe_sufficiency_gate_only,local_end_to_end,false,moonshotai/Kimi-K2.5,kimi-k2.5,h200_sxm,vllm,0.19.0,tp4dp2ep8,,,,,,CompressedTensorsWNA16MarlinMoEMethod,0,,,,,,,false,,,phase382_runtime_binding_probe_sufficiency_gate,false,false,false,false,false,false,false,No-Go,true,false,false
