source,row_type,scenario,metric,value_a,value_b,ratio,verdict,model,hardware,vllm_db_version,real_baseline_version,topology,next_allowed_phase,runtime_modified,nearest_lookup_allowed,interpolation_allowed,extrapolation_allowed,fudge_factor_tuning_used,scope_gating_used,write_real_data_file,gpu_allowed,ssh_allowed,default_aic_allowed,default_readiness,diagnostic_only,valid_for_default,perf_database
phase397j_dp_concurrency_split,hypothesis_under_test,,does_dp_concurrency_split_fix_the_tp_vs_tpdp_ranking,"the cb_sim agg path ran the deployment's full concurrency b on ONE dp replica (concurrency=b) and charged the MoE op at b*attention_dp tokens, so a tp4dp2 config modeled 2x the real global concurrency and 2x MoE tokens",phase397j interprets b as GLOBAL concurrency and splits it per replica (per_replica=ceil(b/dp)); a real DP benchmark specifies a global max-concurrency (tp4dp2 128 total -> ~64/replica; measured DP0 72 / DP1 56),,RESOLVED below: the fix restores the tp8-vs-tp4dp2 per-GPU ranking to match real (both ~equal) and is bit-for-bit identical for dp=1; the absolute under-prediction residual is a separate DB-version issue,kimi-k2.5,h200_sxm,0.12.0,0.17,ep8_multi_config,,true,false,true,false,false,false,false,false,false,false,No-Go,true,false,false
phase397j_dp_concurrency_split,dp_tokencount_fix,tp8ep8-8k2k,per_replica_bs__moe_tokens__global_bs__before_to_after,"BEFORE: per_replica_bs=128, moe_tokens=128, global_bs=128","AFTER: per_replica_bs=128, moe_tokens=128, global_bs=128 (real gathered decode tokens ~= 128)",1.00,dp=1 UNCHANGED (no-op),kimi-k2.5,h200_sxm,0.12.0,0.17,ep8_multi_config,,true,false,true,false,false,false,false,false,false,false,No-Go,true,false,false
phase397j_dp_concurrency_split,dp_tokencount_fix,tp4ep8dp2-8k2k,per_replica_bs__moe_tokens__global_bs__before_to_after,"BEFORE: per_replica_bs=128, moe_tokens=256, global_bs=256","AFTER: per_replica_bs=64, moe_tokens=128, global_bs=128 (real gathered decode tokens ~= 128)",2.00,dp>1: per-replica bs and MoE token-count halved -> match real,kimi-k2.5,h200_sxm,0.12.0,0.17,ep8_multi_config,,true,false,true,false,false,false,false,false,false,false,No-Go,true,false,false
phase397j_dp_concurrency_split,multi_config_before_after,K2.5-tp8ep8-8k2k,sim_tok_s_gpu_before_vs_after_vs_real_0p17,"real=133.53, sim_before=82.83 (1.61x)",sim_after=82.83 (1.61x),0.6203,dp=1 bit-for-bit unchanged,kimi-k2.5,h200_sxm,0.12.0,0.17,ep8_multi_config,,true,false,true,false,false,false,false,false,false,false,No-Go,true,false,false
phase397j_dp_concurrency_split,multi_config_before_after,K2.5-tp8ep8-32k3k,sim_tok_s_gpu_before_vs_after_vs_real_0p17,"real=52.47, sim_before=64.84 (1.24x)",sim_after=64.84 (1.24x),1.2357,dp=1 bit-for-bit unchanged,kimi-k2.5,h200_sxm,0.12.0,0.17,ep8_multi_config,,true,false,true,false,false,false,false,false,false,false,No-Go,true,false,false
phase397j_dp_concurrency_split,multi_config_before_after,K2.5-tp4ep8dp2-8k2k,sim_tok_s_gpu_before_vs_after_vs_real_0p17,"real=137.72, sim_before=149.68 (1.09x)",sim_after=82.74 (1.66x),0.6008,dp>1 err now shows the tp8-shared under-prediction,kimi-k2.5,h200_sxm,0.12.0,0.17,ep8_multi_config,,true,false,true,false,false,false,false,false,false,false,No-Go,true,false,false
phase397j_dp_concurrency_split,multi_config_before_after,K2.5-tp4ep8dp2-32k3k,sim_tok_s_gpu_before_vs_after_vs_real_0p17,"real=53.28, sim_before=115.78 (2.17x)",sim_after=57.06 (1.07x),1.0710,dp>1 err improves,kimi-k2.5,h200_sxm,0.12.0,0.17,ep8_multi_config,,true,false,true,false,false,false,false,false,false,false,No-Go,true,false,false
phase397j_dp_concurrency_split,multi_config_before_after,K2.5-tp8ep8-8k2k-bt65536,sim_tok_s_gpu_before_vs_after_vs_real_0p17,"real=138.47, sim_before=82.78 (1.67x)",sim_after=82.78 (1.67x),0.5978,dp=1 bit-for-bit unchanged,kimi-k2.5,h200_sxm,0.12.0,0.17,ep8_multi_config,,true,false,true,false,false,false,false,false,false,false,No-Go,true,false,false
phase397j_dp_concurrency_split,multi_config_before_after,K2.5-tp4ep8dp2-8k2k-bt65536,sim_tok_s_gpu_before_vs_after_vs_real_0p17,"real=155.95, sim_before=149.06 (1.05x)",sim_after=82.55 (1.89x),0.5293,dp>1 err now shows the tp8-shared under-prediction,kimi-k2.5,h200_sxm,0.12.0,0.17,ep8_multi_config,,true,false,true,false,false,false,false,false,false,false,No-Go,true,false,false
phase397j_dp_concurrency_split,ratio_fix,8k2k,tp8_over_tp4dp2_per_gpu_ratio_vs_real,"real ratio=0.970; sim BEFORE=0.553 (|err|=0.416, tp4dp2 looked ~1.8x faster than tp8)","sim AFTER=1.001 (|err|=0.031, tp8 ~= tp4dp2 like real)",1.0010,RATIO FIXED: sim ranking now matches real,kimi-k2.5,h200_sxm,0.12.0,0.17,ep8_multi_config,,true,false,true,false,false,false,false,false,false,false,No-Go,true,false,false
phase397j_dp_concurrency_split,ratio_fix,32k3k,tp8_over_tp4dp2_per_gpu_ratio_vs_real,"real ratio=0.985; sim BEFORE=0.560 (|err|=0.425, tp4dp2 looked ~1.8x faster than tp8)","sim AFTER=1.136 (|err|=0.151, tp8 ~= tp4dp2 like real)",1.1363,RATIO FIXED: sim ranking now matches real,kimi-k2.5,h200_sxm,0.12.0,0.17,ep8_multi_config,,true,false,true,false,false,false,false,false,false,false,No-Go,true,false,false
phase397j_dp_concurrency_split,ratio_fix,bt65536,tp8_over_tp4dp2_per_gpu_ratio_vs_real,"real ratio=0.888; sim BEFORE=0.555 (|err|=0.333, tp4dp2 looked ~1.8x faster than tp8)","sim AFTER=1.003 (|err|=0.115, tp8 ~= tp4dp2 like real)",1.0028,RATIO FIXED: sim ranking now matches real,kimi-k2.5,h200_sxm,0.12.0,0.17,ep8_multi_config,,true,false,true,false,false,false,false,false,false,false,No-Go,true,false,false
phase397j_dp_concurrency_split,multi_config_aggregate,,multi_config_abs_err_max_and_mean_before_to_after,BEFORE: max=2.17x mean=1.47x (worst = tp4dp2-32k3k 2.17x over-prediction from the dp double-count),AFTER: max=1.89x mean=1.52x (worst-config error improves; mean rises slightly as the two coincidentally accurate tp4dp2 configs now share the tp8 under-prediction),0.869,"max multi-config error IMPROVES 2.17x -> 1.89x; the fix removes a real over-count, not tunes a fudge",kimi-k2.5,h200_sxm,0.12.0,0.17,ep8_multi_config,,true,false,true,false,false,false,false,false,false,false,No-Go,true,false,false
phase397j_dp_concurrency_split,residual_out_of_scope,,absolute_under_prediction_is_shared_by_tp8_dp1,tp8 (dp=1) is 0.62x vs 0.17 and UNCHANGED by this fix -> the absolute under-prediction is not a dp bug; after the fix tp4dp2 shares the same ~0.6x,"closing the absolute gap needs a 0.19.0 DB re-collection (0.12.0-DB vs 0.19.0-engine version gap; older/slower kernels); a separate data phase, not a sim edit",,the pre-fix tp4dp2 'accuracy' was two errors cancelling (dp over-count + version under-prediction); the fix exposes the honest version residual,kimi-k2.5,h200_sxm,0.12.0,0.17,ep8_multi_config,,true,false,true,false,false,false,false,false,false,false,No-Go,true,false,false
phase397j_dp_concurrency_split,cross_backend_followup,,batch_sync_and_trtllm_carry_the_same_per_replica_assumption,"batch_sync agg (vllm_backend scale_factor=pp*dp, global_bs=b*dp) and trtllm_backend (identical pattern) also treat b as per-replica","phase397j scopes the fix to the cb_sim agg path (the validated path); batch_sync/trtllm alignment is a recorded follow-up, not changed here",,scoped to cb_sim agg to keep blast radius minimal; dp=1 unaffected,kimi-k2.5,h200_sxm,0.12.0,0.17,ep8_multi_config,,true,false,true,false,false,false,false,false,false,false,No-Go,true,false,false
phase397j_dp_concurrency_split,verdict,,dp_concurrency_split_fixes_ranking_residual_is_version,the dp concurrency / MoE token-count over-count is FIXED: tp4dp2 now models b/dp per replica and MoE at the real gathered token-count; the tp8-vs-tp4dp2 per-GPU ranking matches real and dp=1 is bit-for-bit unchanged,"Default No-Go: the remaining absolute under-prediction (~0.6x, shared by tp8 dp=1) is a 0.12.0-DB-vs-0.19.0-engine version gap, out of scope; multi-config max error improves 2.17x -> 1.89x",,version-independent dp modeling patch landed; MULTI_CONFIG gate left unchanged (still No-Go); absolute alignment deferred to a DB-version phase,kimi-k2.5,h200_sxm,0.12.0,0.17,ep8_multi_config,phase397k_decode_iter_db_version_realign,true,false,true,false,false,false,false,false,false,false,No-Go,true,false,false
phase397j_dp_concurrency_split,next_phase,,phase397k_target,phase397k: re-collect a vLLM 0.19.0 full perf DB (attention/gemm/moe) so the absolute decode-iter magnitude matches the 0.19.0 engine,"target: with the dp ranking already correct, a version-matched DB brings the absolute multi-config error within the validation gate",,"dp modeling patch is done; the absolute residual is a data/DB-version re-collection, tracked as the next phase",kimi-k2.5,h200_sxm,0.12.0,0.17,ep8_multi_config,phase397k_decode_iter_db_version_realign,true,false,true,false,false,false,false,false,false,false,No-Go,true,false,false
