scenario,candidate,candidate_status,outcome,throughput_abs_error_pct,throughput_sim_over_real,ttft_sim_over_real,tpot_sim_over_real,e2e_sim_over_real,prefill_reqs_sim_over_real_delta_pct,decode_reqs_sim_over_real_delta_pct,existing_support,existing_counterevidence,missing_observation,phase466b_required_fields,expected_signal,disproof_condition,evidence_sources,diagnostic_only,valid_for_default,perf_database,default_readiness
K2.5-tp4ep8dp2-32k3k,schedule_merged_batch_composition,open_unseparated,INCONCLUSIVE,21.684530857450568,1.2168453085745057,0.8140717463584612,0.8594999621516763,0.8208932140956211,20.39442743151001,0.03139638724547478,Phase463 shows sim prefill requests/iteration above real alongside a positive throughput residual; see the numeric evidence columns.,Decode requests/iteration are nearly aligned; aggregate request counts contain no chunk or request-state composition.,Per-rank iteration composition split by chunk size and fresh/recompute/resume state.,run_id;source;rank_id;iteration_seq;iteration_start_offset_ns;iteration_end_offset_ns;workload_cohort_digest;cumulative_scheduled_tokens;progress_window_id;iteration_elapsed_ms;prefill_request_count;decode_request_count;prefill_chunk_token_histogram;fresh_prefill_tokens;recompute_prefill_tokens;resume_prefill_tokens;decode_kv_token_sum;running_count;waiting_count;cudagraph_mode,The residual co-varies with a repeatable real/sim shift in prefill chunk and request-state distributions after workload-digest progress window alignment.,"Composition distributions align after the same workload-digest progress window join, or conditioning on composition leaves the throughput residual unchanged.",Phase462 admissible closeout/field-audit evidence;Phase463 gated N512/C128 evidence,true,false,false,No-Go
K2.5-tp4ep8dp2-32k3k,iteration_cost_serving_state_coverage,open_unseparated,INCONCLUSIVE,21.684530857450568,1.2168453085745057,0.8140717463584612,0.8594999621516763,0.8208932140956211,20.39442743151001,0.03139638724547478,"Phase463 shows TTFT, TPOT, and E2E all underpredicted while simulated throughput is high; see the numeric evidence columns.","There is no composition-matched real iteration joined to a simulator cost row, so latency underprediction may still originate in scheduling.",Composition-matched real iteration wall time and simulator serving-state key/component cost for the same aggregate shape.,run_id;source;rank_id;iteration_seq;iteration_start_offset_ns;iteration_end_offset_ns;workload_cohort_digest;cumulative_scheduled_tokens;progress_window_id;iteration_elapsed_ms;scheduled_prefill_tokens;scheduled_decode_tokens;prefill_chunk_token_histogram;fresh_prefill_tokens;recompute_prefill_tokens;resume_prefill_tokens;decode_kv_token_sum;cudagraph_mode;sim_serving_state_key;sim_predicted_iteration_ms;sim_component_cost_ms,"Within matched composition classes, real iteration wall time remains systematically above simulator predicted cost and clusters by a missing state dimension.",Matched real/sim iteration cost agrees while residual tracks composition or rank skew instead.,Phase462 admissible closeout/field-audit evidence;Phase463 gated N512/C128 evidence,true,false,false,No-Go
K2.5-tp4ep8dp2-32k3k,dp_rank_synchronization_asymmetry,open_topology_only,INCONCLUSIVE,21.684530857450568,1.2168453085745057,0.8140717463584612,0.8594999621516763,0.8208932140956211,20.39442743151001,0.03139638724547478,"The DP2 32k3k cell fails while the TP8 32k3k control passes under the same formal protocol, leaving a topology-specific factor plausible.",Phase462 proved DP throughput multiplication/division is conserved; Phase463 has no rank-local timing and DP2 8k2k passes.,"Aligned rank-local iteration intervals, scheduled work, queue occupancy, and completion counts.",run_id;source;rank_id;iteration_seq;iteration_start_offset_ns;iteration_end_offset_ns;workload_cohort_digest;cumulative_scheduled_tokens;progress_window_id;iteration_elapsed_ms;scheduled_prefill_tokens;scheduled_decode_tokens;running_count;waiting_count;completed_request_count,Global wall follows a persistently slower rank whose work or elapsed distribution diverges from its peer enough to explain the residual.,Rank-local work and elapsed distributions align and max-rank wall cannot account for the residual.,Phase462 admissible closeout/field-audit evidence;Phase463 gated N512/C128 evidence,true,false,false,No-Go
K2.5-tp8ep8-8k2k-bt65536,schedule_merged_batch_composition,open_unseparated,INCONCLUSIVE,25.498472821626116,1.2549847282162612,0.8374406843688222,0.8750964811830023,0.8484542319752312,28.24803008852088,-4.481935923653735,Phase463 shows sim prefill requests/iteration above real and decode requests/iteration below real; see the numeric evidence columns.,The prior engine-loop candidate worsened this cell by +0.084412 error; no admissible exact-composition sample exists.,"Iteration-level prefill chunk histogram, request-state token totals, decode KV sum, and batch occupancy.",run_id;source;rank_id;iteration_seq;iteration_start_offset_ns;iteration_end_offset_ns;workload_cohort_digest;cumulative_scheduled_tokens;progress_window_id;iteration_elapsed_ms;prefill_request_count;decode_request_count;prefill_chunk_token_histogram;fresh_prefill_tokens;recompute_prefill_tokens;resume_prefill_tokens;decode_kv_token_sum;running_count;waiting_count;cudagraph_mode,Large-budget iterations show a stable real/sim merged-batch composition shift whose direction predicts the wall-time residual.,"Matched large-budget composition has no systematic shift, or the measured shift predicts the opposite residual direction.",Phase462 admissible closeout/field-audit evidence;Phase463 gated N512/C128 evidence,true,false,false,No-Go
K2.5-tp8ep8-8k2k-bt65536,iteration_cost_serving_state_coverage,open_unseparated,INCONCLUSIVE,25.498472821626116,1.2549847282162612,0.8374406843688222,0.8750964811830023,0.8484542319752312,28.24803008852088,-4.481935923653735,"Phase463 shows TTFT, TPOT, and E2E all underpredicted while simulated throughput is high; see the numeric evidence columns.",Aggregate latency ratios do not identify the undercharged operator or serving-state dimension.,"Matched iteration wall, scheduled token composition, simulator row identity, and per-component predicted cost.",run_id;source;rank_id;iteration_seq;iteration_start_offset_ns;iteration_end_offset_ns;workload_cohort_digest;cumulative_scheduled_tokens;progress_window_id;iteration_elapsed_ms;scheduled_prefill_tokens;scheduled_decode_tokens;prefill_chunk_token_histogram;fresh_prefill_tokens;recompute_prefill_tokens;resume_prefill_tokens;decode_kv_token_sum;cudagraph_mode;sim_serving_state_key;sim_predicted_iteration_ms;sim_component_cost_ms,A repeatable cost deficit remains after composition matching and follows one explicit serving-state dimension.,"No cost deficit remains after matching composition, or no stable state dimension partitions it.",Phase462 admissible closeout/field-audit evidence;Phase463 gated N512/C128 evidence,true,false,false,No-Go
K2.5-tp8ep8-8k2k-bt65536,dp_rank_synchronization_asymmetry,topology_negative_control,INCONCLUSIVE,25.498472821626116,1.2549847282162612,0.8374406843688222,0.8750964811830023,0.8484542319752312,28.24803008852088,-4.481935923653735,This dp=1 cell is the same-workload topology control for the DP2-bt65536 measurement.,"It fails without DP ranks, proving DP rank asymmetry cannot be a common cause of all three failed cells.",No DP-rank field is applicable; the needed observation is a same-protocol TP8/DP2 composition-and-cost control.,run_id;source;rank_id;iteration_seq;iteration_start_offset_ns;iteration_end_offset_ns;workload_cohort_digest;cumulative_scheduled_tokens;progress_window_id;iteration_elapsed_ms;scheduled_prefill_tokens;scheduled_decode_tokens;running_count;waiting_count;completed_request_count,A DP-specific residual appears only after composition and cost are matched between TP8 and DP2.,"The residual persists in TP8 with the same composition/cost signature or is larger without DP, as the aggregate baseline currently suggests.",Phase462 admissible closeout/field-audit evidence;Phase463 gated N512/C128 evidence,true,false,false,No-Go
K2.5-tp4ep8dp2-8k2k-bt65536,schedule_merged_batch_composition,open_unseparated,INCONCLUSIVE,15.670322538094483,1.1567032253809448,0.8573224842731083,0.9982526784749892,0.8882841101289416,53.86364150009142,4.977851605758565,Phase463 shows sim prefill and decode requests/iteration above real; a coarse Phase462 cell showed hidden 8.525597x elapsed spread.,"The coarse cell lacks chunk/state/KV fields and Phase462 composition logging failed its measurement gate, so neither number identifies a cause.","Low-overhead per-rank chunk histogram, fresh/recompute/resume totals, decode KV sum, and occupancy for the same elapsed sample.",run_id;source;rank_id;iteration_seq;iteration_start_offset_ns;iteration_end_offset_ns;workload_cohort_digest;cumulative_scheduled_tokens;progress_window_id;iteration_elapsed_ms;prefill_request_count;decode_request_count;prefill_chunk_token_histogram;fresh_prefill_tokens;recompute_prefill_tokens;resume_prefill_tokens;decode_kv_token_sum;running_count;waiting_count;cudagraph_mode,The high-spread cell separates into stable composition classes and the real class mix differs from the simulator mix.,Exact composition classes remain internally high-spread or their class weights cannot account for the residual.,Phase462 admissible closeout/field-audit evidence;Phase463 gated N512/C128 evidence,true,false,false,No-Go
K2.5-tp4ep8dp2-8k2k-bt65536,iteration_cost_serving_state_coverage,open_with_decode_counterevidence,INCONCLUSIVE,15.670322538094483,1.1567032253809448,0.8573224842731083,0.9982526784749892,0.8882841101289416,53.86364150009142,4.977851605758565,Phase463 shows TTFT and E2E underpredicted while simulated throughput is high; see the numeric evidence columns.,"TPOT is nearly aligned, which argues against a uniform decode-cost undercharge as the complete explanation.",Separate composition-matched prefill/mixed/decode iteration cost and simulator component charges.,run_id;source;rank_id;iteration_seq;iteration_start_offset_ns;iteration_end_offset_ns;workload_cohort_digest;cumulative_scheduled_tokens;progress_window_id;iteration_elapsed_ms;scheduled_prefill_tokens;scheduled_decode_tokens;prefill_chunk_token_histogram;fresh_prefill_tokens;recompute_prefill_tokens;resume_prefill_tokens;decode_kv_token_sum;cudagraph_mode;sim_serving_state_key;sim_predicted_iteration_ms;sim_component_cost_ms,The deficit localizes to prefill or mixed iterations rather than steady decode and survives composition matching.,"Prefill/mixed iteration cost also agrees, or the only mismatch is rank synchronization/assembly.",Phase462 admissible closeout/field-audit evidence;Phase463 gated N512/C128 evidence,true,false,false,No-Go
K2.5-tp4ep8dp2-8k2k-bt65536,dp_rank_synchronization_asymmetry,open_topology_only,INCONCLUSIVE,15.670322538094483,1.1567032253809448,0.8573224842731083,0.9982526784749892,0.8882841101289416,53.86364150009142,4.977851605758565,Phase462 observed rank0/rank1 counts of 38021/37256 and an 8.525597x elapsed spread inside one coarse mixed cell.,"The cell lacks exact composition, DP arithmetic is conserved, and TPOT ratio 0.998 does not support a uniform generation-rank penalty.","Time-aligned rank-local iteration work, elapsed intervals, queue occupancy, and global completion wall.",run_id;source;rank_id;iteration_seq;iteration_start_offset_ns;iteration_end_offset_ns;workload_cohort_digest;cumulative_scheduled_tokens;progress_window_id;iteration_elapsed_ms;scheduled_prefill_tokens;scheduled_decode_tokens;running_count;waiting_count;completed_request_count,One rank repeatedly sets the global completion wall after controlling for its scheduled composition.,Rank elapsed skew vanishes after composition matching or contributes too little wall time to explain the observed residual.,Phase462 admissible closeout/field-audit evidence;Phase463 gated N512/C128 evidence,true,false,false,No-Go
